-- supabase/seed.sql — populates "The Sunday Strategists"

-- games
insert into public.games (id, label, short) values
  ('catan',       'Catan',       'Catan'),
  ('carcassonne', 'Carcassonne', 'Carc.'),
  ('monopoly',    'Monopoly',    'Mono.');

-- seed group
insert into public.groups (id, name) values
  ('11111111-1111-1111-1111-111111111111', 'The Sunday Strategists');

-- members (8 ghosts — same data as web/src/data/data.ts PLAYERS)
insert into public.members (id, group_id, display_name, handle, color, initials, joined_at) values
  ('22222222-0000-0000-0000-000000000001','11111111-1111-1111-1111-111111111111','Mara', 'the_architect',  '#b9543d','MA','2023-09-01'),
  ('22222222-0000-0000-0000-000000000002','11111111-1111-1111-1111-111111111111','Tomás','dice_whisperer', '#5b7a4a','TO','2023-09-01'),
  ('22222222-0000-0000-0000-000000000003','11111111-1111-1111-1111-111111111111','Lena', 'meeple_mayor',   '#8a6a2e','LE','2023-11-01'),
  ('22222222-0000-0000-0000-000000000004','11111111-1111-1111-1111-111111111111','Wren', 'the_trader',     '#4a6b7a','WR','2024-01-01'),
  ('22222222-0000-0000-0000-000000000005','11111111-1111-1111-1111-111111111111','Jules','sheep_baron',    '#7a4a6b','JU','2024-02-01'),
  ('22222222-0000-0000-0000-000000000006','11111111-1111-1111-1111-111111111111','Otto', 'tile_layer',     '#3d6b56','OT','2024-03-01'),
  ('22222222-0000-0000-0000-000000000007','11111111-1111-1111-1111-111111111111','Hana', 'rent_collector', '#a8744a','HA','2024-05-01'),
  ('22222222-0000-0000-0000-000000000008','11111111-1111-1111-1111-111111111111','Felix','longest_road',   '#5d4a7a','FE','2024-08-01');
-- generated by scripts/gen_match_seed.mjs
insert into public.matches (id, group_id, game_id, played_on, winner_member_id) values ('33333333-0000-0000-0000-000000000051','11111111-1111-1111-1111-111111111111','catan','2026-05-22','22222222-0000-0000-0000-000000000001');
insert into public.match_players (match_id, member_id) values ('33333333-0000-0000-0000-000000000051','22222222-0000-0000-0000-000000000001');
insert into public.match_players (match_id, member_id) values ('33333333-0000-0000-0000-000000000051','22222222-0000-0000-0000-000000000002');
insert into public.match_players (match_id, member_id) values ('33333333-0000-0000-0000-000000000051','22222222-0000-0000-0000-000000000003');
insert into public.match_players (match_id, member_id) values ('33333333-0000-0000-0000-000000000051','22222222-0000-0000-0000-000000000004');
insert into public.matches (id, group_id, game_id, played_on, winner_member_id) values ('33333333-0000-0000-0000-000000000050','11111111-1111-1111-1111-111111111111','carcassonne','2026-05-21','22222222-0000-0000-0000-000000000006');
insert into public.match_players (match_id, member_id) values ('33333333-0000-0000-0000-000000000050','22222222-0000-0000-0000-000000000006');
insert into public.match_players (match_id, member_id) values ('33333333-0000-0000-0000-000000000050','22222222-0000-0000-0000-000000000007');
insert into public.match_players (match_id, member_id) values ('33333333-0000-0000-0000-000000000050','22222222-0000-0000-0000-000000000008');
insert into public.matches (id, group_id, game_id, played_on, winner_member_id) values ('33333333-0000-0000-0000-000000000049','11111111-1111-1111-1111-111111111111','monopoly','2026-05-19','22222222-0000-0000-0000-000000000007');
insert into public.match_players (match_id, member_id) values ('33333333-0000-0000-0000-000000000049','22222222-0000-0000-0000-000000000007');
insert into public.match_players (match_id, member_id) values ('33333333-0000-0000-0000-000000000049','22222222-0000-0000-0000-000000000005');
insert into public.match_players (match_id, member_id) values ('33333333-0000-0000-0000-000000000049','22222222-0000-0000-0000-000000000004');
insert into public.match_players (match_id, member_id) values ('33333333-0000-0000-0000-000000000049','22222222-0000-0000-0000-000000000008');
insert into public.matches (id, group_id, game_id, played_on, winner_member_id) values ('33333333-0000-0000-0000-000000000048','11111111-1111-1111-1111-111111111111','catan','2026-05-17','22222222-0000-0000-0000-000000000002');
insert into public.match_players (match_id, member_id) values ('33333333-0000-0000-0000-000000000048','22222222-0000-0000-0000-000000000002');
insert into public.match_players (match_id, member_id) values ('33333333-0000-0000-0000-000000000048','22222222-0000-0000-0000-000000000005');
insert into public.match_players (match_id, member_id) values ('33333333-0000-0000-0000-000000000048','22222222-0000-0000-0000-000000000006');
insert into public.match_players (match_id, member_id) values ('33333333-0000-0000-0000-000000000048','22222222-0000-0000-0000-000000000008');
insert into public.matches (id, group_id, game_id, played_on, winner_member_id) values ('33333333-0000-0000-0000-000000000047','11111111-1111-1111-1111-111111111111','carcassonne','2026-05-15','22222222-0000-0000-0000-000000000003');
insert into public.match_players (match_id, member_id) values ('33333333-0000-0000-0000-000000000047','22222222-0000-0000-0000-000000000003');
insert into public.match_players (match_id, member_id) values ('33333333-0000-0000-0000-000000000047','22222222-0000-0000-0000-000000000001');
insert into public.match_players (match_id, member_id) values ('33333333-0000-0000-0000-000000000047','22222222-0000-0000-0000-000000000006');
insert into public.matches (id, group_id, game_id, played_on, winner_member_id) values ('33333333-0000-0000-0000-000000000046','11111111-1111-1111-1111-111111111111','catan','2026-05-12','22222222-0000-0000-0000-000000000001');
insert into public.match_players (match_id, member_id) values ('33333333-0000-0000-0000-000000000046','22222222-0000-0000-0000-000000000004');
insert into public.match_players (match_id, member_id) values ('33333333-0000-0000-0000-000000000046','22222222-0000-0000-0000-000000000001');
insert into public.match_players (match_id, member_id) values ('33333333-0000-0000-0000-000000000046','22222222-0000-0000-0000-000000000005');
insert into public.match_players (match_id, member_id) values ('33333333-0000-0000-0000-000000000046','22222222-0000-0000-0000-000000000002');
insert into public.matches (id, group_id, game_id, played_on, winner_member_id) values ('33333333-0000-0000-0000-000000000045','11111111-1111-1111-1111-111111111111','monopoly','2026-05-10','22222222-0000-0000-0000-000000000007');
insert into public.match_players (match_id, member_id) values ('33333333-0000-0000-0000-000000000045','22222222-0000-0000-0000-000000000007');
insert into public.match_players (match_id, member_id) values ('33333333-0000-0000-0000-000000000045','22222222-0000-0000-0000-000000000008');
insert into public.match_players (match_id, member_id) values ('33333333-0000-0000-0000-000000000045','22222222-0000-0000-0000-000000000003');
insert into public.matches (id, group_id, game_id, played_on, winner_member_id) values ('33333333-0000-0000-0000-000000000044','11111111-1111-1111-1111-111111111111','carcassonne','2026-05-08','22222222-0000-0000-0000-000000000006');
insert into public.match_players (match_id, member_id) values ('33333333-0000-0000-0000-000000000044','22222222-0000-0000-0000-000000000006');
insert into public.match_players (match_id, member_id) values ('33333333-0000-0000-0000-000000000044','22222222-0000-0000-0000-000000000004');
insert into public.match_players (match_id, member_id) values ('33333333-0000-0000-0000-000000000044','22222222-0000-0000-0000-000000000008');
insert into public.match_players (match_id, member_id) values ('33333333-0000-0000-0000-000000000044','22222222-0000-0000-0000-000000000005');
insert into public.matches (id, group_id, game_id, played_on, winner_member_id) values ('33333333-0000-0000-0000-000000000043','11111111-1111-1111-1111-111111111111','catan','2026-05-05','22222222-0000-0000-0000-000000000002');
insert into public.match_players (match_id, member_id) values ('33333333-0000-0000-0000-000000000043','22222222-0000-0000-0000-000000000001');
insert into public.match_players (match_id, member_id) values ('33333333-0000-0000-0000-000000000043','22222222-0000-0000-0000-000000000003');
insert into public.match_players (match_id, member_id) values ('33333333-0000-0000-0000-000000000043','22222222-0000-0000-0000-000000000007');
insert into public.match_players (match_id, member_id) values ('33333333-0000-0000-0000-000000000043','22222222-0000-0000-0000-000000000002');
insert into public.matches (id, group_id, game_id, played_on, winner_member_id) values ('33333333-0000-0000-0000-000000000042','11111111-1111-1111-1111-111111111111','monopoly','2026-05-02','22222222-0000-0000-0000-000000000005');
insert into public.match_players (match_id, member_id) values ('33333333-0000-0000-0000-000000000042','22222222-0000-0000-0000-000000000007');
insert into public.match_players (match_id, member_id) values ('33333333-0000-0000-0000-000000000042','22222222-0000-0000-0000-000000000005');
insert into public.match_players (match_id, member_id) values ('33333333-0000-0000-0000-000000000042','22222222-0000-0000-0000-000000000006');
insert into public.match_players (match_id, member_id) values ('33333333-0000-0000-0000-000000000042','22222222-0000-0000-0000-000000000004');
insert into public.matches (id, group_id, game_id, played_on, winner_member_id) values ('33333333-0000-0000-0000-000000000041','11111111-1111-1111-1111-111111111111','carcassonne','2026-04-28','22222222-0000-0000-0000-000000000006');
insert into public.match_players (match_id, member_id) values ('33333333-0000-0000-0000-000000000041','22222222-0000-0000-0000-000000000006');
insert into public.match_players (match_id, member_id) values ('33333333-0000-0000-0000-000000000041','22222222-0000-0000-0000-000000000003');
insert into public.match_players (match_id, member_id) values ('33333333-0000-0000-0000-000000000041','22222222-0000-0000-0000-000000000001');
insert into public.match_players (match_id, member_id) values ('33333333-0000-0000-0000-000000000041','22222222-0000-0000-0000-000000000008');
insert into public.matches (id, group_id, game_id, played_on, winner_member_id) values ('33333333-0000-0000-0000-000000000040','11111111-1111-1111-1111-111111111111','catan','2026-04-25','22222222-0000-0000-0000-000000000001');
insert into public.match_players (match_id, member_id) values ('33333333-0000-0000-0000-000000000040','22222222-0000-0000-0000-000000000001');
insert into public.match_players (match_id, member_id) values ('33333333-0000-0000-0000-000000000040','22222222-0000-0000-0000-000000000004');
insert into public.match_players (match_id, member_id) values ('33333333-0000-0000-0000-000000000040','22222222-0000-0000-0000-000000000002');
insert into public.match_players (match_id, member_id) values ('33333333-0000-0000-0000-000000000040','22222222-0000-0000-0000-000000000005');
insert into public.matches (id, group_id, game_id, played_on, winner_member_id) values ('33333333-0000-0000-0000-000000000039','11111111-1111-1111-1111-111111111111','monopoly','2026-04-22','22222222-0000-0000-0000-000000000007');
insert into public.match_players (match_id, member_id) values ('33333333-0000-0000-0000-000000000039','22222222-0000-0000-0000-000000000007');
insert into public.match_players (match_id, member_id) values ('33333333-0000-0000-0000-000000000039','22222222-0000-0000-0000-000000000008');
insert into public.match_players (match_id, member_id) values ('33333333-0000-0000-0000-000000000039','22222222-0000-0000-0000-000000000004');
insert into public.matches (id, group_id, game_id, played_on, winner_member_id) values ('33333333-0000-0000-0000-000000000038','11111111-1111-1111-1111-111111111111','catan','2026-04-18','22222222-0000-0000-0000-000000000001');
insert into public.match_players (match_id, member_id) values ('33333333-0000-0000-0000-000000000038','22222222-0000-0000-0000-000000000002');
insert into public.match_players (match_id, member_id) values ('33333333-0000-0000-0000-000000000038','22222222-0000-0000-0000-000000000001');
insert into public.match_players (match_id, member_id) values ('33333333-0000-0000-0000-000000000038','22222222-0000-0000-0000-000000000006');
insert into public.match_players (match_id, member_id) values ('33333333-0000-0000-0000-000000000038','22222222-0000-0000-0000-000000000003');
insert into public.matches (id, group_id, game_id, played_on, winner_member_id) values ('33333333-0000-0000-0000-000000000037','11111111-1111-1111-1111-111111111111','carcassonne','2026-04-15','22222222-0000-0000-0000-000000000006');
insert into public.match_players (match_id, member_id) values ('33333333-0000-0000-0000-000000000037','22222222-0000-0000-0000-000000000006');
insert into public.match_players (match_id, member_id) values ('33333333-0000-0000-0000-000000000037','22222222-0000-0000-0000-000000000005');
insert into public.match_players (match_id, member_id) values ('33333333-0000-0000-0000-000000000037','22222222-0000-0000-0000-000000000007');
insert into public.matches (id, group_id, game_id, played_on, winner_member_id) values ('33333333-0000-0000-0000-000000000036','11111111-1111-1111-1111-111111111111','monopoly','2026-04-11','22222222-0000-0000-0000-000000000008');
insert into public.match_players (match_id, member_id) values ('33333333-0000-0000-0000-000000000036','22222222-0000-0000-0000-000000000007');
insert into public.match_players (match_id, member_id) values ('33333333-0000-0000-0000-000000000036','22222222-0000-0000-0000-000000000002');
insert into public.match_players (match_id, member_id) values ('33333333-0000-0000-0000-000000000036','22222222-0000-0000-0000-000000000008');
insert into public.match_players (match_id, member_id) values ('33333333-0000-0000-0000-000000000036','22222222-0000-0000-0000-000000000004');
insert into public.matches (id, group_id, game_id, played_on, winner_member_id) values ('33333333-0000-0000-0000-000000000035','11111111-1111-1111-1111-111111111111','catan','2026-04-08','22222222-0000-0000-0000-000000000001');
insert into public.match_players (match_id, member_id) values ('33333333-0000-0000-0000-000000000035','22222222-0000-0000-0000-000000000001');
insert into public.match_players (match_id, member_id) values ('33333333-0000-0000-0000-000000000035','22222222-0000-0000-0000-000000000003');
insert into public.match_players (match_id, member_id) values ('33333333-0000-0000-0000-000000000035','22222222-0000-0000-0000-000000000004');
insert into public.match_players (match_id, member_id) values ('33333333-0000-0000-0000-000000000035','22222222-0000-0000-0000-000000000005');
insert into public.matches (id, group_id, game_id, played_on, winner_member_id) values ('33333333-0000-0000-0000-000000000034','11111111-1111-1111-1111-111111111111','carcassonne','2026-04-04','22222222-0000-0000-0000-000000000003');
insert into public.match_players (match_id, member_id) values ('33333333-0000-0000-0000-000000000034','22222222-0000-0000-0000-000000000003');
insert into public.match_players (match_id, member_id) values ('33333333-0000-0000-0000-000000000034','22222222-0000-0000-0000-000000000006');
insert into public.match_players (match_id, member_id) values ('33333333-0000-0000-0000-000000000034','22222222-0000-0000-0000-000000000002');
insert into public.matches (id, group_id, game_id, played_on, winner_member_id) values ('33333333-0000-0000-0000-000000000033','11111111-1111-1111-1111-111111111111','monopoly','2026-04-01','22222222-0000-0000-0000-000000000007');
insert into public.match_players (match_id, member_id) values ('33333333-0000-0000-0000-000000000033','22222222-0000-0000-0000-000000000005');
insert into public.match_players (match_id, member_id) values ('33333333-0000-0000-0000-000000000033','22222222-0000-0000-0000-000000000007');
insert into public.match_players (match_id, member_id) values ('33333333-0000-0000-0000-000000000033','22222222-0000-0000-0000-000000000008');
insert into public.match_players (match_id, member_id) values ('33333333-0000-0000-0000-000000000033','22222222-0000-0000-0000-000000000004');
insert into public.matches (id, group_id, game_id, played_on, winner_member_id) values ('33333333-0000-0000-0000-000000000032','11111111-1111-1111-1111-111111111111','catan','2026-03-28','22222222-0000-0000-0000-000000000002');
insert into public.match_players (match_id, member_id) values ('33333333-0000-0000-0000-000000000032','22222222-0000-0000-0000-000000000002');
insert into public.match_players (match_id, member_id) values ('33333333-0000-0000-0000-000000000032','22222222-0000-0000-0000-000000000001');
insert into public.match_players (match_id, member_id) values ('33333333-0000-0000-0000-000000000032','22222222-0000-0000-0000-000000000004');
insert into public.match_players (match_id, member_id) values ('33333333-0000-0000-0000-000000000032','22222222-0000-0000-0000-000000000006');
insert into public.matches (id, group_id, game_id, played_on, winner_member_id) values ('33333333-0000-0000-0000-000000000031','11111111-1111-1111-1111-111111111111','carcassonne','2026-03-25','22222222-0000-0000-0000-000000000006');
insert into public.match_players (match_id, member_id) values ('33333333-0000-0000-0000-000000000031','22222222-0000-0000-0000-000000000006');
insert into public.match_players (match_id, member_id) values ('33333333-0000-0000-0000-000000000031','22222222-0000-0000-0000-000000000008');
insert into public.match_players (match_id, member_id) values ('33333333-0000-0000-0000-000000000031','22222222-0000-0000-0000-000000000003');
insert into public.match_players (match_id, member_id) values ('33333333-0000-0000-0000-000000000031','22222222-0000-0000-0000-000000000005');
insert into public.matches (id, group_id, game_id, played_on, winner_member_id) values ('33333333-0000-0000-0000-000000000030','11111111-1111-1111-1111-111111111111','catan','2026-03-21','22222222-0000-0000-0000-000000000001');
insert into public.match_players (match_id, member_id) values ('33333333-0000-0000-0000-000000000030','22222222-0000-0000-0000-000000000001');
insert into public.match_players (match_id, member_id) values ('33333333-0000-0000-0000-000000000030','22222222-0000-0000-0000-000000000005');
insert into public.match_players (match_id, member_id) values ('33333333-0000-0000-0000-000000000030','22222222-0000-0000-0000-000000000007');
insert into public.matches (id, group_id, game_id, played_on, winner_member_id) values ('33333333-0000-0000-0000-000000000029','11111111-1111-1111-1111-111111111111','monopoly','2026-03-18','22222222-0000-0000-0000-000000000007');
insert into public.match_players (match_id, member_id) values ('33333333-0000-0000-0000-000000000029','22222222-0000-0000-0000-000000000007');
insert into public.match_players (match_id, member_id) values ('33333333-0000-0000-0000-000000000029','22222222-0000-0000-0000-000000000004');
insert into public.match_players (match_id, member_id) values ('33333333-0000-0000-0000-000000000029','22222222-0000-0000-0000-000000000008');
insert into public.match_players (match_id, member_id) values ('33333333-0000-0000-0000-000000000029','22222222-0000-0000-0000-000000000002');
insert into public.matches (id, group_id, game_id, played_on, winner_member_id) values ('33333333-0000-0000-0000-000000000028','11111111-1111-1111-1111-111111111111','carcassonne','2026-03-14','22222222-0000-0000-0000-000000000003');
insert into public.match_players (match_id, member_id) values ('33333333-0000-0000-0000-000000000028','22222222-0000-0000-0000-000000000003');
insert into public.match_players (match_id, member_id) values ('33333333-0000-0000-0000-000000000028','22222222-0000-0000-0000-000000000001');
insert into public.match_players (match_id, member_id) values ('33333333-0000-0000-0000-000000000028','22222222-0000-0000-0000-000000000006');
insert into public.match_players (match_id, member_id) values ('33333333-0000-0000-0000-000000000028','22222222-0000-0000-0000-000000000004');
insert into public.matches (id, group_id, game_id, played_on, winner_member_id) values ('33333333-0000-0000-0000-000000000027','11111111-1111-1111-1111-111111111111','catan','2026-03-10','22222222-0000-0000-0000-000000000005');
insert into public.match_players (match_id, member_id) values ('33333333-0000-0000-0000-000000000027','22222222-0000-0000-0000-000000000001');
insert into public.match_players (match_id, member_id) values ('33333333-0000-0000-0000-000000000027','22222222-0000-0000-0000-000000000002');
insert into public.match_players (match_id, member_id) values ('33333333-0000-0000-0000-000000000027','22222222-0000-0000-0000-000000000008');
insert into public.match_players (match_id, member_id) values ('33333333-0000-0000-0000-000000000027','22222222-0000-0000-0000-000000000005');
insert into public.matches (id, group_id, game_id, played_on, winner_member_id) values ('33333333-0000-0000-0000-000000000026','11111111-1111-1111-1111-111111111111','monopoly','2026-03-07','22222222-0000-0000-0000-000000000007');
insert into public.match_players (match_id, member_id) values ('33333333-0000-0000-0000-000000000026','22222222-0000-0000-0000-000000000007');
insert into public.match_players (match_id, member_id) values ('33333333-0000-0000-0000-000000000026','22222222-0000-0000-0000-000000000005');
insert into public.match_players (match_id, member_id) values ('33333333-0000-0000-0000-000000000026','22222222-0000-0000-0000-000000000003');
insert into public.match_players (match_id, member_id) values ('33333333-0000-0000-0000-000000000026','22222222-0000-0000-0000-000000000006');
insert into public.matches (id, group_id, game_id, played_on, winner_member_id) values ('33333333-0000-0000-0000-000000000025','11111111-1111-1111-1111-111111111111','carcassonne','2026-03-03','22222222-0000-0000-0000-000000000006');
insert into public.match_players (match_id, member_id) values ('33333333-0000-0000-0000-000000000025','22222222-0000-0000-0000-000000000006');
insert into public.match_players (match_id, member_id) values ('33333333-0000-0000-0000-000000000025','22222222-0000-0000-0000-000000000002');
insert into public.match_players (match_id, member_id) values ('33333333-0000-0000-0000-000000000025','22222222-0000-0000-0000-000000000008');
insert into public.matches (id, group_id, game_id, played_on, winner_member_id) values ('33333333-0000-0000-0000-000000000024','11111111-1111-1111-1111-111111111111','catan','2026-02-26','22222222-0000-0000-0000-000000000001');
insert into public.match_players (match_id, member_id) values ('33333333-0000-0000-0000-000000000024','22222222-0000-0000-0000-000000000001');
insert into public.match_players (match_id, member_id) values ('33333333-0000-0000-0000-000000000024','22222222-0000-0000-0000-000000000004');
insert into public.match_players (match_id, member_id) values ('33333333-0000-0000-0000-000000000024','22222222-0000-0000-0000-000000000003');
insert into public.match_players (match_id, member_id) values ('33333333-0000-0000-0000-000000000024','22222222-0000-0000-0000-000000000007');
insert into public.matches (id, group_id, game_id, played_on, winner_member_id) values ('33333333-0000-0000-0000-000000000023','11111111-1111-1111-1111-111111111111','monopoly','2026-02-22','22222222-0000-0000-0000-000000000007');
insert into public.match_players (match_id, member_id) values ('33333333-0000-0000-0000-000000000023','22222222-0000-0000-0000-000000000007');
insert into public.match_players (match_id, member_id) values ('33333333-0000-0000-0000-000000000023','22222222-0000-0000-0000-000000000008');
insert into public.match_players (match_id, member_id) values ('33333333-0000-0000-0000-000000000023','22222222-0000-0000-0000-000000000005');
insert into public.matches (id, group_id, game_id, played_on, winner_member_id) values ('33333333-0000-0000-0000-000000000022','11111111-1111-1111-1111-111111111111','carcassonne','2026-02-18','22222222-0000-0000-0000-000000000003');
insert into public.match_players (match_id, member_id) values ('33333333-0000-0000-0000-000000000022','22222222-0000-0000-0000-000000000006');
insert into public.match_players (match_id, member_id) values ('33333333-0000-0000-0000-000000000022','22222222-0000-0000-0000-000000000003');
insert into public.match_players (match_id, member_id) values ('33333333-0000-0000-0000-000000000022','22222222-0000-0000-0000-000000000001');
insert into public.match_players (match_id, member_id) values ('33333333-0000-0000-0000-000000000022','22222222-0000-0000-0000-000000000002');
insert into public.matches (id, group_id, game_id, played_on, winner_member_id) values ('33333333-0000-0000-0000-000000000021','11111111-1111-1111-1111-111111111111','catan','2026-02-14','22222222-0000-0000-0000-000000000002');
insert into public.match_players (match_id, member_id) values ('33333333-0000-0000-0000-000000000021','22222222-0000-0000-0000-000000000002');
insert into public.match_players (match_id, member_id) values ('33333333-0000-0000-0000-000000000021','22222222-0000-0000-0000-000000000001');
insert into public.match_players (match_id, member_id) values ('33333333-0000-0000-0000-000000000021','22222222-0000-0000-0000-000000000005');
insert into public.match_players (match_id, member_id) values ('33333333-0000-0000-0000-000000000021','22222222-0000-0000-0000-000000000004');
insert into public.matches (id, group_id, game_id, played_on, winner_member_id) values ('33333333-0000-0000-0000-000000000020','11111111-1111-1111-1111-111111111111','monopoly','2026-02-10','22222222-0000-0000-0000-000000000005');
insert into public.match_players (match_id, member_id) values ('33333333-0000-0000-0000-000000000020','22222222-0000-0000-0000-000000000005');
insert into public.match_players (match_id, member_id) values ('33333333-0000-0000-0000-000000000020','22222222-0000-0000-0000-000000000007');
insert into public.match_players (match_id, member_id) values ('33333333-0000-0000-0000-000000000020','22222222-0000-0000-0000-000000000004');
insert into public.match_players (match_id, member_id) values ('33333333-0000-0000-0000-000000000020','22222222-0000-0000-0000-000000000006');
insert into public.matches (id, group_id, game_id, played_on, winner_member_id) values ('33333333-0000-0000-0000-000000000019','11111111-1111-1111-1111-111111111111','carcassonne','2026-02-06','22222222-0000-0000-0000-000000000006');
insert into public.match_players (match_id, member_id) values ('33333333-0000-0000-0000-000000000019','22222222-0000-0000-0000-000000000006');
insert into public.match_players (match_id, member_id) values ('33333333-0000-0000-0000-000000000019','22222222-0000-0000-0000-000000000008');
insert into public.match_players (match_id, member_id) values ('33333333-0000-0000-0000-000000000019','22222222-0000-0000-0000-000000000007');
insert into public.matches (id, group_id, game_id, played_on, winner_member_id) values ('33333333-0000-0000-0000-000000000018','11111111-1111-1111-1111-111111111111','catan','2026-02-02','22222222-0000-0000-0000-000000000001');
insert into public.match_players (match_id, member_id) values ('33333333-0000-0000-0000-000000000018','22222222-0000-0000-0000-000000000001');
insert into public.match_players (match_id, member_id) values ('33333333-0000-0000-0000-000000000018','22222222-0000-0000-0000-000000000006');
insert into public.match_players (match_id, member_id) values ('33333333-0000-0000-0000-000000000018','22222222-0000-0000-0000-000000000003');
insert into public.match_players (match_id, member_id) values ('33333333-0000-0000-0000-000000000018','22222222-0000-0000-0000-000000000008');
insert into public.matches (id, group_id, game_id, played_on, winner_member_id) values ('33333333-0000-0000-0000-000000000017','11111111-1111-1111-1111-111111111111','monopoly','2026-01-28','22222222-0000-0000-0000-000000000007');
insert into public.match_players (match_id, member_id) values ('33333333-0000-0000-0000-000000000017','22222222-0000-0000-0000-000000000007');
insert into public.match_players (match_id, member_id) values ('33333333-0000-0000-0000-000000000017','22222222-0000-0000-0000-000000000002');
insert into public.match_players (match_id, member_id) values ('33333333-0000-0000-0000-000000000017','22222222-0000-0000-0000-000000000004');
insert into public.matches (id, group_id, game_id, played_on, winner_member_id) values ('33333333-0000-0000-0000-000000000016','11111111-1111-1111-1111-111111111111','catan','2026-01-24','22222222-0000-0000-0000-000000000002');
insert into public.match_players (match_id, member_id) values ('33333333-0000-0000-0000-000000000016','22222222-0000-0000-0000-000000000002');
insert into public.match_players (match_id, member_id) values ('33333333-0000-0000-0000-000000000016','22222222-0000-0000-0000-000000000005');
insert into public.match_players (match_id, member_id) values ('33333333-0000-0000-0000-000000000016','22222222-0000-0000-0000-000000000001');
insert into public.match_players (match_id, member_id) values ('33333333-0000-0000-0000-000000000016','22222222-0000-0000-0000-000000000006');
insert into public.matches (id, group_id, game_id, played_on, winner_member_id) values ('33333333-0000-0000-0000-000000000015','11111111-1111-1111-1111-111111111111','carcassonne','2026-01-20','22222222-0000-0000-0000-000000000003');
insert into public.match_players (match_id, member_id) values ('33333333-0000-0000-0000-000000000015','22222222-0000-0000-0000-000000000003');
insert into public.match_players (match_id, member_id) values ('33333333-0000-0000-0000-000000000015','22222222-0000-0000-0000-000000000006');
insert into public.match_players (match_id, member_id) values ('33333333-0000-0000-0000-000000000015','22222222-0000-0000-0000-000000000004');
insert into public.match_players (match_id, member_id) values ('33333333-0000-0000-0000-000000000015','22222222-0000-0000-0000-000000000005');
insert into public.matches (id, group_id, game_id, played_on, winner_member_id) values ('33333333-0000-0000-0000-000000000014','11111111-1111-1111-1111-111111111111','catan','2026-01-16','22222222-0000-0000-0000-000000000004');
insert into public.match_players (match_id, member_id) values ('33333333-0000-0000-0000-000000000014','22222222-0000-0000-0000-000000000001');
insert into public.match_players (match_id, member_id) values ('33333333-0000-0000-0000-000000000014','22222222-0000-0000-0000-000000000007');
insert into public.match_players (match_id, member_id) values ('33333333-0000-0000-0000-000000000014','22222222-0000-0000-0000-000000000008');
insert into public.match_players (match_id, member_id) values ('33333333-0000-0000-0000-000000000014','22222222-0000-0000-0000-000000000004');
insert into public.matches (id, group_id, game_id, played_on, winner_member_id) values ('33333333-0000-0000-0000-000000000013','11111111-1111-1111-1111-111111111111','monopoly','2026-01-12','22222222-0000-0000-0000-000000000007');
insert into public.match_players (match_id, member_id) values ('33333333-0000-0000-0000-000000000013','22222222-0000-0000-0000-000000000007');
insert into public.match_players (match_id, member_id) values ('33333333-0000-0000-0000-000000000013','22222222-0000-0000-0000-000000000005');
insert into public.match_players (match_id, member_id) values ('33333333-0000-0000-0000-000000000013','22222222-0000-0000-0000-000000000006');
insert into public.match_players (match_id, member_id) values ('33333333-0000-0000-0000-000000000013','22222222-0000-0000-0000-000000000008');
insert into public.matches (id, group_id, game_id, played_on, winner_member_id) values ('33333333-0000-0000-0000-000000000012','11111111-1111-1111-1111-111111111111','carcassonne','2026-01-08','22222222-0000-0000-0000-000000000006');
insert into public.match_players (match_id, member_id) values ('33333333-0000-0000-0000-000000000012','22222222-0000-0000-0000-000000000006');
insert into public.match_players (match_id, member_id) values ('33333333-0000-0000-0000-000000000012','22222222-0000-0000-0000-000000000001');
insert into public.match_players (match_id, member_id) values ('33333333-0000-0000-0000-000000000012','22222222-0000-0000-0000-000000000002');
insert into public.matches (id, group_id, game_id, played_on, winner_member_id) values ('33333333-0000-0000-0000-000000000011','11111111-1111-1111-1111-111111111111','catan','2026-01-04','22222222-0000-0000-0000-000000000001');
insert into public.match_players (match_id, member_id) values ('33333333-0000-0000-0000-000000000011','22222222-0000-0000-0000-000000000001');
insert into public.match_players (match_id, member_id) values ('33333333-0000-0000-0000-000000000011','22222222-0000-0000-0000-000000000003');
insert into public.match_players (match_id, member_id) values ('33333333-0000-0000-0000-000000000011','22222222-0000-0000-0000-000000000005');
insert into public.match_players (match_id, member_id) values ('33333333-0000-0000-0000-000000000011','22222222-0000-0000-0000-000000000007');
insert into public.matches (id, group_id, game_id, played_on, winner_member_id) values ('33333333-0000-0000-0000-000000000010','11111111-1111-1111-1111-111111111111','monopoly','2025-12-28','22222222-0000-0000-0000-000000000008');
insert into public.match_players (match_id, member_id) values ('33333333-0000-0000-0000-000000000010','22222222-0000-0000-0000-000000000007');
insert into public.match_players (match_id, member_id) values ('33333333-0000-0000-0000-000000000010','22222222-0000-0000-0000-000000000004');
insert into public.match_players (match_id, member_id) values ('33333333-0000-0000-0000-000000000010','22222222-0000-0000-0000-000000000008');
insert into public.match_players (match_id, member_id) values ('33333333-0000-0000-0000-000000000010','22222222-0000-0000-0000-000000000002');
insert into public.matches (id, group_id, game_id, played_on, winner_member_id) values ('33333333-0000-0000-0000-000000000009','11111111-1111-1111-1111-111111111111','carcassonne','2025-12-22','22222222-0000-0000-0000-000000000006');
insert into public.match_players (match_id, member_id) values ('33333333-0000-0000-0000-000000000009','22222222-0000-0000-0000-000000000006');
insert into public.match_players (match_id, member_id) values ('33333333-0000-0000-0000-000000000009','22222222-0000-0000-0000-000000000003');
insert into public.match_players (match_id, member_id) values ('33333333-0000-0000-0000-000000000009','22222222-0000-0000-0000-000000000005');
insert into public.matches (id, group_id, game_id, played_on, winner_member_id) values ('33333333-0000-0000-0000-000000000008','11111111-1111-1111-1111-111111111111','catan','2025-12-18','22222222-0000-0000-0000-000000000001');
insert into public.match_players (match_id, member_id) values ('33333333-0000-0000-0000-000000000008','22222222-0000-0000-0000-000000000002');
insert into public.match_players (match_id, member_id) values ('33333333-0000-0000-0000-000000000008','22222222-0000-0000-0000-000000000001');
insert into public.match_players (match_id, member_id) values ('33333333-0000-0000-0000-000000000008','22222222-0000-0000-0000-000000000006');
insert into public.match_players (match_id, member_id) values ('33333333-0000-0000-0000-000000000008','22222222-0000-0000-0000-000000000004');
insert into public.matches (id, group_id, game_id, played_on, winner_member_id) values ('33333333-0000-0000-0000-000000000007','11111111-1111-1111-1111-111111111111','monopoly','2025-12-14','22222222-0000-0000-0000-000000000007');
insert into public.match_players (match_id, member_id) values ('33333333-0000-0000-0000-000000000007','22222222-0000-0000-0000-000000000007');
insert into public.match_players (match_id, member_id) values ('33333333-0000-0000-0000-000000000007','22222222-0000-0000-0000-000000000005');
insert into public.match_players (match_id, member_id) values ('33333333-0000-0000-0000-000000000007','22222222-0000-0000-0000-000000000003');
insert into public.matches (id, group_id, game_id, played_on, winner_member_id) values ('33333333-0000-0000-0000-000000000006','11111111-1111-1111-1111-111111111111','carcassonne','2025-12-10','22222222-0000-0000-0000-000000000006');
insert into public.match_players (match_id, member_id) values ('33333333-0000-0000-0000-000000000006','22222222-0000-0000-0000-000000000003');
insert into public.match_players (match_id, member_id) values ('33333333-0000-0000-0000-000000000006','22222222-0000-0000-0000-000000000006');
insert into public.match_players (match_id, member_id) values ('33333333-0000-0000-0000-000000000006','22222222-0000-0000-0000-000000000008');
insert into public.match_players (match_id, member_id) values ('33333333-0000-0000-0000-000000000006','22222222-0000-0000-0000-000000000001');
insert into public.matches (id, group_id, game_id, played_on, winner_member_id) values ('33333333-0000-0000-0000-000000000005','11111111-1111-1111-1111-111111111111','catan','2025-12-05','22222222-0000-0000-0000-000000000002');
insert into public.match_players (match_id, member_id) values ('33333333-0000-0000-0000-000000000005','22222222-0000-0000-0000-000000000001');
insert into public.match_players (match_id, member_id) values ('33333333-0000-0000-0000-000000000005','22222222-0000-0000-0000-000000000002');
insert into public.match_players (match_id, member_id) values ('33333333-0000-0000-0000-000000000005','22222222-0000-0000-0000-000000000005');
insert into public.match_players (match_id, member_id) values ('33333333-0000-0000-0000-000000000005','22222222-0000-0000-0000-000000000008');
insert into public.matches (id, group_id, game_id, played_on, winner_member_id) values ('33333333-0000-0000-0000-000000000004','11111111-1111-1111-1111-111111111111','monopoly','2025-11-26','22222222-0000-0000-0000-000000000007');
insert into public.match_players (match_id, member_id) values ('33333333-0000-0000-0000-000000000004','22222222-0000-0000-0000-000000000007');
insert into public.match_players (match_id, member_id) values ('33333333-0000-0000-0000-000000000004','22222222-0000-0000-0000-000000000004');
insert into public.match_players (match_id, member_id) values ('33333333-0000-0000-0000-000000000004','22222222-0000-0000-0000-000000000006');
insert into public.match_players (match_id, member_id) values ('33333333-0000-0000-0000-000000000004','22222222-0000-0000-0000-000000000005');
insert into public.matches (id, group_id, game_id, played_on, winner_member_id) values ('33333333-0000-0000-0000-000000000003','11111111-1111-1111-1111-111111111111','catan','2025-11-19','22222222-0000-0000-0000-000000000001');
insert into public.match_players (match_id, member_id) values ('33333333-0000-0000-0000-000000000003','22222222-0000-0000-0000-000000000001');
insert into public.match_players (match_id, member_id) values ('33333333-0000-0000-0000-000000000003','22222222-0000-0000-0000-000000000002');
insert into public.match_players (match_id, member_id) values ('33333333-0000-0000-0000-000000000003','22222222-0000-0000-0000-000000000003');
insert into public.match_players (match_id, member_id) values ('33333333-0000-0000-0000-000000000003','22222222-0000-0000-0000-000000000004');
insert into public.matches (id, group_id, game_id, played_on, winner_member_id) values ('33333333-0000-0000-0000-000000000002','11111111-1111-1111-1111-111111111111','carcassonne','2025-11-12','22222222-0000-0000-0000-000000000006');
insert into public.match_players (match_id, member_id) values ('33333333-0000-0000-0000-000000000002','22222222-0000-0000-0000-000000000006');
insert into public.match_players (match_id, member_id) values ('33333333-0000-0000-0000-000000000002','22222222-0000-0000-0000-000000000005');
insert into public.match_players (match_id, member_id) values ('33333333-0000-0000-0000-000000000002','22222222-0000-0000-0000-000000000008');
insert into public.matches (id, group_id, game_id, played_on, winner_member_id) values ('33333333-0000-0000-0000-000000000001','11111111-1111-1111-1111-111111111111','monopoly','2025-11-05','22222222-0000-0000-0000-000000000007');
insert into public.match_players (match_id, member_id) values ('33333333-0000-0000-0000-000000000001','22222222-0000-0000-0000-000000000007');
insert into public.match_players (match_id, member_id) values ('33333333-0000-0000-0000-000000000001','22222222-0000-0000-0000-000000000002');
insert into public.match_players (match_id, member_id) values ('33333333-0000-0000-0000-000000000001','22222222-0000-0000-0000-000000000001');
insert into public.match_players (match_id, member_id) values ('33333333-0000-0000-0000-000000000001','22222222-0000-0000-0000-000000000004');
